{"cameraMode":{"drawMode":0,"name":"Shaded","section":"Shading Mode"},"sceneLighting":true,"audioPlay":false,"sceneViewState":{"showFog":true,"showMaterialUpdate":false,"showSkybox":true,"showFlares":true,"showImageEffects":true,"showParticleSystems":true},"in2DMode":false,"pivot":{"x":2.1085853576660158,"y":5.117841720581055,"z":13.461517333984375},"rotation":{"x":-0.3871208429336548,"y":0.5056322813034058,"z":-0.27120333909988406,"w":-0.7217618823051453},"size":35.247989654541019,"orthographic":false}