{"cameraMode":{"drawMode":0,"name":"Shaded","section":"Shading Mode"},"sceneLighting":true,"audioPlay":false,"sceneViewState":{"showFog":true,"showMaterialUpdate":false,"showSkybox":true,"showFlares":true,"showImageEffects":true,"showParticleSystems":true},"in2DMode":false,"pivot":{"x":-13.024614334106446,"y":-37.949249267578128,"z":-28.48971939086914},"rotation":{"x":-0.01093956921249628,"y":0.8216049671173096,"z":-0.5697337985038757,"w":-0.015775810927152635},"size":165.81834411621095,"orthographic":false}